Name,Status,Priority,Category,Description
Landing Page - Complete,Completed,P0-Critical,UI,"Beautiful landing page with 11 sections: Hero, Problem, How It Works, Features, AI Showcase, Personas, Pricing, Timeline, Testimonials, FAQ, CTA. Fully responsive with glass-morphism design."
Next.js 16 + Tailwind v4 Setup,Completed,P0-Critical,DevOps,"Modern tech stack setup with Next.js 16 App Router, React 19, Tailwind CSS v4, and shadcn/ui components. TypeScript configured with path aliases."
Internationalization (i18n),Completed,P0-Critical,UI,"Full English and Hebrew support with next-intl. RTL layout for Hebrew with dedicated fonts (Inter/Heebo). Locale-based routing (/en, /he)."
Theme System,Completed,P1-High,UI,"Dark/light mode toggle with next-themes. Persistent theme preference. Beautiful color schemes for both modes."
Supabase Auth Integration,Completed,P0-Critical,Auth,"Email/password authentication with Supabase. Sign-in, sign-up, and sign-out server actions. Email verification flow with confirmation route."
Sign-In Page,Completed,P0-Critical,Auth,"Complete sign-in form with email/password fields, form validation, error handling, loading states, and links to sign-up/forgot password."
Sign-Up Page,Completed,P0-Critical,Auth,"Registration page with email, password, confirm password. Password validation (min 6 chars). Success state showing check email message."
Auth Middleware,Completed,P0-Critical,Auth,"Middleware handling locale detection and Supabase session refresh. JWT validation and cookie management for persistent sessions."
Users Database Table,Completed,P0-Critical,Database,"Supabase users table with auto-sync from auth.users trigger. Row-Level Security (RLS) policies for data isolation. Basic profile fields."
Protected Dashboard,Completed,P1-High,UI,"Dashboard page with session check redirect. Welcome message, 3 metric cards (Properties, Investments, Alerts), navigation, sign-out button."
Supabase Client Utilities,Completed,P0-Critical,Backend,"Server-side and browser-side Supabase client helpers with proper cookie handling for SSR."
UI Component Library,Completed,P1-High,UI,"shadcn/ui components: Button, Input, Label, Card, Accordion, Badge, Separator. Custom: GlassPanel, GradientText, FeatureCard, PricingCard."
Navigation & Footer,Completed,P1-High,UI,"Fixed navbar with logo, nav links, language switcher, theme toggle, login/CTA buttons. Footer with links and copyright."
Properties Database Schema,To Do,P0-Critical,Database,"Create properties table: id, title, description, country, city, address, price, currency, property_type, bedrooms, bathrooms, area_sqm, yield_percentage, images[], agent_id, status, created_at. Add RLS policies."
Property Listing API,To Do,P0-Critical,Backend,"Server actions for CRUD operations: createProperty, getProperties, getPropertyById, updateProperty. Include filtering by country, price range, property type."
Property Marketplace Page,To Do,P0-Critical,UI,"Grid/list view of properties with search bar, filters (country, price, type), sorting options. Responsive cards showing image, price, location, yield."
Property Detail Page,To Do,P0-Critical,UI,"Full property page with image gallery, description, specs, location map placeholder, contact agent button, save to favorites."
User Profile Setup,To Do,P1-High,Auth,"Expand user profile: investment_goals, budget_min, budget_max, preferred_markets[], risk_tolerance, citizenship. Profile completion wizard after signup."
Professionals Database Schema,To Do,P1-High,Database,"Create professionals table: id, user_id, type (lawyer/accountant/broker), specialties[], countries[], bio, rating, review_count, hourly_rate, availability."
Professional Directory Page,To Do,P1-High,UI,"Searchable directory of verified professionals. Filter by type, country, specialty. Profile cards with rating, reviews, contact button."
Deals Database Schema,To Do,P1-High,Database,"Create deals table: id, buyer_id, property_id, professional_id, status (searching/offer/financing/legal/closing/complete), created_at, updated_at."
Deal Tracking Dashboard,To Do,P1-High,UI,"User's active deals with status pipeline view. Click to see deal details, assigned professionals, documents, timeline."
Search & Filter Component,To Do,P1-High,UI,"Reusable search component with debounced input, filter chips, clear all. Used across properties, professionals, deals."
Mobile Responsive Fixes,To Do,P1-High,UI,"Review and fix mobile layouts for dashboard, property pages, professional directory. Ensure touch-friendly interactions."
Financing Offers Schema,To Do,P2-Medium,Database,"Create financing_offers table: id, user_id, lender_name, loan_amount, interest_rate, term_years, monthly_payment, ltv_ratio, status."
Mortgage Calculator,To Do,P2-Medium,UI,"Calculator component: input price, down payment, rate, term. Output monthly payment, total interest, amortization preview."
Documents Storage Setup,To Do,P2-Medium,Backend,"Configure Supabase Storage bucket for deal documents. Upload/download server actions with proper access control."
Image Upload for Properties,To Do,P2-Medium,Backend,"Supabase Storage integration for property images. Multi-image upload, thumbnail generation, image optimization."
Favorites/Watchlist,To Do,P2-Medium,Database,"Create favorites table: user_id, property_id. Server actions to add/remove favorites. Show saved properties in dashboard."
Contact Professional Form,To Do,P2-Medium,UI,"Modal form to send inquiry to professional. Include property context, message, preferred contact method."
Notifications System,To Do,P2-Medium,Backend,"Create notifications table. Server actions for creating notifications. UI bell icon with unread count, dropdown list."
Error Boundary Components,To Do,P2-Medium,UI,"Add error boundaries for graceful failure handling. Custom error pages for 404, 500. Loading skeletons for data fetching."
SEO & Meta Tags,To Do,P2-Medium,DevOps,"Dynamic meta tags for property pages (og:image, description). Sitemap generation. robots.txt configuration."
Stripe Payment Integration,To Do,P3-Low,Integration,"Stripe integration for subscription payments. Checkout flow, webhook handling, plan gating for Pro/Partner tiers. ILS support."
